product_name, shipping
NVIDIA TITAN RTX DirectX 12 900-1G150-2500-000 SB 24GB 384-Bit GDDR6 HDCP Ready Video Card,Free Shipping
GIGABYTE GeForce GTX 1660 Ti WINDFORCE OC 6G Graphics Card| 2 x WINDFORCE Fans| 6GB 192-Bit GDDR6| GV-N166TWF2OC-6GD Video Card,Free Shipping
ASUS Dual GeForce GTX 1660 Ti DUAL-GTX1660TI-O6G 6GB 192-Bit GDDR6 PCI Express 3.0 HDCP Ready Video Card,Free Shipping
GIGABYTE Radeon RX 570 DirectX 12 GV-RX570GAMING-4GD 4GB 256-Bit GDDR5 PCI Express 3.0 x16 CrossFireX Support ATX Video Card,Free Shipping
MSI GeForce GTX 1660 Ti DirectX 12 GTX 1660 TI GAMING X 6G 6GB 192-Bit GDDR6 PCI Express 3.0 x16 HDCP Ready Video Card,Free Shipping
ASUS ROG Strix GeForce RTX 2070 DirectX 12 ROG-STRIX-RTX2070-O8G-GAMING 8GB 256-Bit GDDR6 PCI Express 3.0 HDCP Ready Video Card,Free Shipping
PowerColor RED DRAGON Radeon RX 580 DirectX 12 AXRX 580 8GBD5-3DHDV2/OC 8GB 256-Bit GDDR5 PCI Express 3.0 CrossFireX Support ATX Video Card,Free Shipping
ZOTAC GAMING GeForce GTX 1660 Ti 6GB GDDR6 192-bit Gaming Graphics Card| Super Compact| ZT-T16610F-10L,Free Shipping
EVGA GeForce GTX 1660 Ti XC Black GAMING| 06G-P4-1261-KR| 6GB GDDR6| HDB Fan,Free Shipping
GIGABYTE GeForce RTX 2080 GAMING OC 8G Graphics Card| 3 x WINDFORCE Fans| 8GB 256-Bit GDDR6| GV-N2080GAMING OC-8GC Video Card,Free Shipping
ASUS Turbo GeForce GTX 1070 Ti TURBO-GTX1070TI-8G 8GB 256-Bit GDDR5 PCI Express 3.0 HDCP Ready SLI Support Video Card,Free Shipping
ZOTAC GAMING GeForce RTX 2060 AMP 6GB GDDR6 192-bit Gaming Graphics Card| Super Compact| IceStorm 2.0| ZT-T20600D-10M,Free Shipping
GIGABYTE GeForce GTX 1060 DirectX 12 GV-N1060WF2OC-3GD 3GB 192-Bit GDDR5 PCI Express 3.0 x16 ATX Video Card,Free Shipping
MSI GeForce RTX 2080 DirectX 12 RTX 2080 VENTUS 8G OC 8GB 256-Bit GDDR6 PCI Express 3.0 x16 HDCP Ready SLI Support Video Card,Free Shipping
GIGABYTE GeForce RTX 2070 WINDFORCE 8G Graphics Card| 3 x WINDFORCE Fans| 8GB 256-Bit GDDR6| GV-N2070WF3-8GC Video Card,Free Shipping
GIGABYTE GeForce RTX 2060 WINDFORCE OC 6G Graphics Card| 2 x WINDFORCE Fans| 6GB 192-Bit GDDR6| GV-N2060WF2OC-6GD Video Card,Free Shipping
ASUS GeForce GTX 1050 Ti PH-GTX1050TI-4G 4GB 128-Bit GDDR5 PCI Express 3.0 HDCP Ready Video Card,Free Shipping
ASUS ROG Strix GeForce RTX 2070 DirectX 12 ROG-STRIX-RTX2070-A8G-GAMING 8GB 256-Bit GDDR6 PCI Express 3.0 HDCP Ready Video Card,Free Shipping
EVGA GeForce RTX 2060 XC BLACK GAMING| 6GB GDDR6| HDB Fan Graphics Card 06G-P4-2061-KR,Free Shipping
GIGABYTE GeForce RTX 2070 GAMING OC 8G Graphics Card| 3 x WINDFORCE Fans| 8GB 256-Bit GDDR6| GV-N2070GAMING OC-8GC Video Card,Free Shipping
OCPC GeForce GTX 1050 Ti DirectX 12 901197 4GB 128-Bit GDDR5 HDCP Ready Video Card,Free Shipping
EVGA GeForce RTX 2080 Ti FTW3 ULTRA GAMING| 11G-P4-2487-KR| 11GB GDDR6| iCX2 & RGB LED,Free Shipping
ASUS Turbo GeForce RTX 2080 DirectX 12 TURBO-RTX2080-8G 8GB 256-Bit GDDR6 PCI Express 3.0 HDCP Ready SLI Support Video Card,Free Shipping
Open Box: GIGABYTE Radeon RX Vega 56 DirectX 12 GV-RXVEGA56GAMING OC-8GD 8GB 2048-Bit HBM2 PCI Express 3.0 x16 CrossFireX Support ATX Video Card,$4.99 Shipping
MSI GeForce RTX 2070 DirectX 12 RTX 2070 GAMING Z 8G 8GB 256-Bit GDDR6 PCI Express 3.0 x16 HDCP Ready Video Card,Free Shipping
PowerColor RED DEVIL Radeon RX 570 DirectX 12 AXRX 570 4GBD5-3DH/OC 4GB 256-Bit GDDR5 PCI Express 3.0 CrossFireX Support ATX Video Card,Free Shipping
ZOTAC GAMING GeForce RTX 2060 Twin Fan 6GB GDDR6 192-bit Gaming Graphics Card| Super Compact| IceStorm 2.0| ZT-T20600F-10M,Free Shipping
GIGABYTE AORUS Radeon RX 580 DirectX 12 GV-RX580AORUS-4GD 4GB 256-Bit GDDR5 PCI Express 3.0 x16 CrossFireX Support ATX Video Card,Free Shipping
EVGA GeForce GTX 1660 Ti XC GAMING| 06G-P4-1263-KR| 6GB GDDR6| HDB Fan,Free Shipping
GIGABYTE Geforce RTX 2060 OC GG Graphics Card| 2 x WINDFORCE Fans| 6GB 192-Bit GDDR6| GV-N2060OC-6GD rev 2.0 Video Card,Free Shipping
ASUS Turbo GeForce GTX 1070 TURBO-GTX1070-8G 8GB 256-Bit GDDR5 PCI Express 3.0 HDCP Ready SLI Support Video Card,Free Shipping
ASUS Turbo GeForce RTX 2060 DirectX 12 TURBO-RTX2060-6G 6GB 192-Bit GDDR6 PCI Express 3.0 HDCP Ready Video Card,Free Shipping
GIGABYTE AORUS GeForce RTX 2080 TI DirectX 12 GV-N208TAORUS X-11GC Video Card,Free Shipping
ASUS Dual GeForce RTX 2070 DirectX 12 DUAL-RTX2070-O8G 8GB 256-Bit GDDR6 PCI Express 3.0 HDCP Ready Video Card,Free Shipping
GIGABYTE GeForce GTX 1050 Ti DirectX 12 GV-N105TD5-4GD 4GB 128-Bit GDDR5 PCI Express 3.0 x16 ATX Video Cards,Free Shipping
ASUS ROG GeForce GTX 1060 ROG-STRIX-GTX1060-A6G-GAMING 6GB 192-Bit GDDR5 PCI Express 3.0 HDCP Ready Video Card,Free Shipping
GIGABYTE GeForce RTX 2060 GAMING OC PRO 6G Graphics Card| 3 x WINDFORCE Fans| 6GB 192-Bit GDDR6| GV-N2060GAMINGOC PRO-6GD Video Card,Free Shipping
